"Vino","Denominazione","Colore","Tipologia","Produttore","Descrizione Organolettica","Vitigno","Gradazione Alcolica","Certificazione","Indirizzo","Comune","Provincia","Geolocalizzazione","URL","Telefono","Fonti esterne"
"","","","","Torre Gaia","","","","","Via Boscocupo 11","Dugenta","Benevento","41.122790, 14.462032","http://www.tenutatorregaia.it/code/home.php","0824 906054","",
"","","","","Terre Stregate","","","","","C.da Santa Lucia SS87","Guardia Sanframondi","Benevento","41.249499, 14.572098","http://www.terrestregate.it/it/","0824 817857","",
"","","","","Cantine Terranera","","","","","Via Sandro Pertini","Grottolella","Avellino","40.967256, 14.790662","http://www.cantineterranera.it/terranera/index.php","0825 671455","",
"","","","","Santimartini","","","","","via Bebiana, 107/A","Solopaca","Benevento","41.194201, 14.528736","http://www.santimartini.it/index.php?lang=it","0824 971254","",
"","","","","Donnachiara","","","","","Via Stazione","Montefalcione","Avellino","40.955245, 14.878085","http://www.donnachiara.com/","0825 977135","",
"","","","","Caputo 1890","","","","","via Consortile","Carinaro","Caserta","40.984460, 14.218948","http://www.caputo1890.it/index.php","081 503 3955","",
"","","","","I Capitani","","","","","via Bosco Faiano, 15","Torre le Nocelle","Avellino","41.024717, 14.925377","http://www.icapitani.com/it/index.php",825969182,"",
"","","","","Cantina dei Monaci","","","","","via Santa Lucia 206","Santa Paolina","Avellino","41.010126, 14.844739","http://www.cantinadeimonaci.it/","0825 964350","",
"","","","","Michele Moio","","","","","Viale Regina Margherita, 8","Mondragone","Caserta","41.114361, 13.892111","http://www.cantinemoio.it/","0823 978 017","",
"","","","","Masseria Frattasi","","","","","Via Frattasi, 1","Montesarchio","Benevento","41.071837, 14.628939","http://www.masseriafrattasi.it/it/","0824 834392","",
"","","","","Azienda Agricola Raffaele Marino","","","","","Via Fontana Saracena, 1","Agropoli","Salerno","40.324933, 14.983715","http://www.vinimarino.it/vini-campani/home.html","0974 821719","",
"","","","","Antica Hirpinia","","","","","Contrada Lenze, 10","Taurasi","Avellino","41.024416, 14.953541","http://www.anticahirpinia.it/","0827 74730","",
"","","","","Lunarossa Vini","","","","","Piazza Andrea Meo 1","Montecorvino Rovella","Salerno","40.707545, 14.920214","http://www.combination.it/home.html","","",
"","","","","De Falco Vini","","","","","Via Figliola I Traversa","San Sebastiano al Vesuvio","Napoli","40.848699, 14.360223","http://www.defalco.it/",817713755,"",
"","","","","Michele Contrada","","","","","C.da Taverna,31","Candida","Avellino","40.944277, 14.880627","http://vinicontrada.com/","","",
"","","","","Quintodecimo","","","","","Via San Leonardo, 27","Mirabella Eclano","Avellino","41.046730, 14.990587","http://www.quintodecimo.it/","0825 449321","",
"","","","","Nifo Sarrapochiello Vini","","","","","Via Piana 64","Ponte","Benevento","41.217700, 14.659123","http://www.nifo.eu/","0824 876450","",
"","","","","Giuseppe Apicella","","","","","Via Castello S.Maria, 1","Frazione Capitignano	Tramonti","Salerno","40.706354, 14.622361","http://www.giuseppeapicella.it/","089 856209","",
"","","","","Villa Raiano","","","","","Via Bosco Satrano, 1 Loc. Cerreto","San Michele di Serino","Avellino","40.874389, 14.832333","http://www.villaraiano.com/","0825 595550","",
"","","","","Ettore Sammarco","","","","","Via Civita, 9","Ravello","Salerno","40.638090, 14.610039","http://ettoresammarco.it/","089 872774","",
"","","","","Tenuta Ponte","","","","","Via Carazita, 1","Luogosano","Avellino","","http://www.tenutaponte.it/","0827 73203","",
"","","","","Luigi Maffini","","","","","Località Cenito","Castellabate","Salerno","40.270355, 14.943940","http://www.luigimaffini.it/","0974 966345","",
"Fiano di Avellino","Fiano di Avellino","Bianco","Fiano di Avellino","Agricola Irpina","Vino di straordinaria eleganza, delicato, armonico e gradevole, dal sapore di nocciole tostate.","100% Fiano","","D.O.C.G.","Via Limaturo, 48","San Michele di Pratola Serra","Avellino","40.987214, 14.865230","http://www.agricolairpina.com/it/chi_siamo.php","0825 967038","",
"Sannio Falanghina","Sannio","Bianco","Falanghina","Agricola Irpina","Colore giallo paglierino con riflessi verdognoli. Si presenta elegantemente fruttato, con sentori di mela renetta, banana ed ananas. Il sapore è secco e gradevolmente acidulo.","100% Falanghina","","D.O.C.","Via Limaturo, 48","San Michele di Pratola Serra","Avellino","40.987214, 14.865230","http://www.agricolairpina.com/it/chi_siamo.php","0825 967038","",
"Irpinia Aglianico","Irpinia","Rosso","Aglianico","Agricola Irpina","Di colore rosso rubino, ha profumo intenso, sapore pieno e persistente.","85-90% Aglianico; 15-10% Merlot o Sangiovese","","D.O.C.","Via Limaturo, 48","San Michele di Pratola Serra","Avellino","40.987214, 14.865230","http://www.agricolairpina.com/it/chi_siamo.php","0825 967038","",
"Sannio Aglianico","Sannio","Rosso","Aglianico","Agricola Irpina","Ha colore rosso rubino, profumo delicato e fruttato, sapore fragrante, asciutto e morbido.","85-90% Aglianico; 15-10% Merlot o Sangiovese","","D.O.C.","Via Limaturo, 48","San Michele di Pratola Serra","Avellino","40.987214, 14.865230","http://www.agricolairpina.com/it/chi_siamo.php","0825 967038","",
"Sannio Coda di Volpe","Sannio","Bianco","Coda di Volpe","Agricola Irpina","Colore giallo paglierino, profumo gradevole, sapore armonico e delicato.","100% Coda di Volpe","","D.O.C.","Via Limaturo, 48","San Michele di Pratola Serra","Avellino","40.987214, 14.865230","http://www.agricolairpina.com/it/chi_siamo.php","0825 967038","",
"Greco di Tufo","Greco di Tufo","Bianco","Greco di Tufo","Agricola Irpina","Asciutto, pulito, aromaticamente e delicatamente profumato.","100% Greco","","D.O.C.G.","Via Limaturo, 48","San Michele di Pratola Serra","Avellino","40.987214, 14.865230","http://www.agricolairpina.com/it/chi_siamo.php","0825 967038","",
"Taurasi","Taurasi","Rosso","Taurasi","Agricola Irpina","Colore rosso rubino che acquista riflessi arancioni con l'invecchiamento, odore caratteristico ed intenso, sapore pieno, armonico e persistente.","85-90% Aglianico; 15-10% Merlot o Sangiovese","","D.O.C.G.","Via Limaturo, 48","San Michele di Pratola Serra","Avellino","40.987214, 14.865230","http://www.agricolairpina.com/it/chi_siamo.php","0825 967038","",
"","","","","Alois","","","","","Via Ragazzano, Loc. Audelino","Pontelatone","Caserta","41.197169, 14.235602","http://www.vinialois.it/alois/","0823 87 67 10","",
"","","","","Antica Masseria Venditti","","","","","via Sannitica, 120-122","Castelvenere","Benevento","41.236586, 14.550422","http://www.venditti.it/home.asp?hl=it","0824 940306","",
"Greco di Tufo","Greco di Tufo","Bianco","Greco di Tufo","Azienda Agricola Di Meo","Giallo paglierino, vivace e brillante. Ampio ed intenso con sentori di pesca e mandorla. Fresco, armonico, caratteristico e persistente.","100% Greco","12,5%","D.O.C.G.","Contrada Coccovoni, 1","Salza Irpina","Avellino","40.926143, 14.886872","http://www.dimeo.it/","0825 981419","",
"Falanghina","Campania","Bianco","Falanghina","Azienda Agricola Di Meo","Giallo paglierino scarico. Caratteristico, intenso e speziato. Fresco, armonico e deliccato.","100% Falanghina","12,5%","I.G.T.","Contrada Coccovoni, 1","Salza Irpina","Avellino","40.926143, 14.886872","http://www.dimeo.it/","0825 981419","",
"Alessandra","Fiano di Avellino","Bianco","Fiano di Avellino","Azienda Agricola Di Meo","Giallo paglierino con riflessi dorati.Sentori di frutta matura, miele e nocciole tostate. Fresco, intenso, caratteristico ed armonico.","100% Fiano","13%","D.O.C.G.","Contrada Coccovoni, 1","Salza Irpina","Avellino","40.926143, 14.886872","http://www.dimeo.it/","0825 981419","",
"Colle dei Cerri","Fiano di Avellino","Bianco","Fiano di Avellino","Azienda Agricola Di Meo","Giallo paglierino con riflessi dorati. Sentori di frutta matura e nocciola tostata. Intenso, pieno ed armonico.","100% Fiano di Avellino","13,5%","D.O.C.","Contrada Coccovoni, 1","Salza Irpina","Avellino","40.926143, 14.886872","http://www.dimeo.it/","0825 981419","",
"Selezione Erminia Di Meo","Fiano di Avellino","Bianco","Fiano di Avellino","Azienda Agricola Di Meo","Giallo dorato. Si caratterizza per un elegante profumo di frutta matura e tostata, che si completa con delicate note di frutta secca ed uno spiccato fumé.","100% Fiano di Avellino","13,5%","D.O.C.","Contrada Coccovoni, 1","Salza Irpina","Avellino","40.926143, 14.886872","http://www.dimeo.it/","0825 981419","",
"Coda di Volpe","Campania","Bianco","Coda di Volpe","Azienda Agricola Di Meo","Giallo paglierino. Aromatico ed intenso. Intenso, vinoso, molto pieno.","Coda di Volpe; Fiano; Greco","12%","I.G.T.","Contrada Coccovoni, 1","Salza Irpina","Avellino","40.926143, 14.886872","http://www.dimeo.it/","0825 981419","",
"Fiano di Avellino","Fiano di Avellino","Bianco","Fiano di Avellino","Azienda Agricola Di Meo","Giallo paglierino con riflessi verdognoli. Sentori di nocciola tostata. Fresco, intenso, caratteristico e persistente.","100% Fiano","12,5%","D.O.C.G.","Contrada Coccovoni, 1","Salza Irpina","Avellino","40.926143, 14.886872","http://www.dimeo.it/","0825 981419","",
"Taurasi Riserva","Taurasi","Rosso","Taurasi Riserva","Azienda Agricola Di Meo","Rosso rubino intenso con lievi riflessi aranciati. Profumo di frutti di bosco, pepe nero, tabacco, lievi sentori di violetta. Sapore asciutto, armonico, equilibrato, pieno e giustamente tannico.","100% Aglianico","13,5%","D.O.C.G.","Contrada Coccovoni, 1","Salza Irpina","Avellino","40.926143, 14.886872","http://www.dimeo.it/","0825 981419","",
"Taurasi Riserva Selezione Hamilton","Taurasi","Rosso","Taurasi Riserva","Azienda Agricola Di Meo","Rosso rubino intenso. Odore di frutti di bosco, pepe nero, tabacco, nota balsamica, speziato. Sapore armonico, minerale ed equilibrato, con tannini eleganti.","100% Aglianico","13,5%","D.O.C.G.","Contrada Coccovoni, 1","Salza Irpina","Avellino","40.926143, 14.886872","http://www.dimeo.it/","0825 981419","",
"Aglianico Campania","Campania","Rosso","Aglianico","Azienda Agricola Di Meo","Rosso rubino. Bouquet di sottobosco e liquirizia. Sapore asciutto, armonico e vellutato.","100% Aglianico","13%","I.G.T.","Contrada Coccovoni, 1","Salza Irpina","Avellino","40.926143, 14.886872","http://www.dimeo.it/","0825 981419","",
"Aglianico Rosato Campania","Campania","Rosato","Aglianico","Azienda Agricola Di Meo","Rosa intenso. Odore delicato, con note fruttate di lamponi ed albicocca. Sapore vellutato, con sentori di pesca e fragola, grande persistenza e mineralità.","100% Aglianico","12,5%","I.G.T.","Contrada Coccovoni, 1","Salza Irpina","Avellino","40.926143, 14.886872","http://www.dimeo.it/","0825 981419","",
"Isso","Campania","Rosso","Aglianico","Azienda Agricola Di Meo","Rosso rubino intenso. Bouquet di marasca, frutti di bosco. Sapore asciutto, fresco, delicato e armonico.","100% Aglianico","12%","I.G.T.","Contrada Coccovoni, 1","Salza Irpina","Avellino","40.926143, 14.886872","http://www.dimeo.it/","0825 981419","",
"Di Meo Brut","Vino Spumante","Bianco","Brut","Azienda Agricola Di Meo","Giallo paglierino con riflessi dorati. Perlage a grana fine e persistente. Odore ampio ed intenso, floreale con sentori di frutta secca e miele. Pieno, ricco, con piacevoli note fruttate ed amarognole.","Fiano; Greco","12%","V.S.","Contrada Coccovoni, 1","Salza Irpina","Avellino","40.926143, 14.886872","http://www.dimeo.it/","0825 981419","",
"Don Generoso","Irpinia","Rosso","","Azienda Agricola Di Meo","Rosso rubino intenso. Profumo di frutti di bosco, dal bouquet ampio ed intenso. Sapore armonico, avvolgente ed equilibrato.","75% Aglianico; 15% Piedirosso e Altri Vitigni","13,5%","I.G.T.","Contrada Coccovoni, 1","Salza Irpina","Avellino","40.926143, 14.886872","http://www.dimeo.it/","0825 981419","",
"","","","","Benito Ferrara","","","","","razione San Paolo, 14/A","Tufo","Avelino","41.019496, 14.822287","http://www.benitoferrara.com/index.php/it-it/",825.998194,"",
"Volpe Rosa","Campania","Rosato","","Cantina Giardino","","","","I.G.T.","via Petrara n. 21/B","Ariano Irpino","Avellino","41.158094, 15.099102","http://www.cantinagiardino.com/","0825 873084","",
"Nude","Irpinia","Rosso","Aglianico","Cantina Giardino","","Aglianico","","I.G.T.","via Petrara n. 21/B","Ariano Irpino","Avellino","41.158094, 15.099102","http://www.cantinagiardino.com/","0825 873084","",
"Gaia","Campania","Bianco","Fiano","Cantina Giardino","","Fiano","","I.G.T.","via Petrara n. 21/B","Ariano Irpino","Avellino","41.158094, 15.099102","http://www.cantinagiardino.com/","0825 873084","",
"Adam","Irpinia","Bianco","Greco","Cantina Giardino","","Greco","","I.G.T.","via Petrara n. 21/B","Ariano Irpino","Avellino","41.158094, 15.099102","http://www.cantinagiardino.com/","0825 873084","",
"Drogone","Irpinia","Rosso","Aglianico","Cantina Giardino","","Aglianico","","I.G.T.","via Petrara n. 21/B","Ariano Irpino","Avellino","41.158094, 15.099102","http://www.cantinagiardino.com/","0825 873084","",
"Sophia","Campania","Bianco","","Cantina Giardino","","","","I.G.T.","via Petrara n. 21/B","Ariano Irpino","Avellino","41.158094, 15.099102","http://www.cantinagiardino.com/","0825 873084","",
"Clown Oenologue","Campania","Rosso","Aglianico","Cantina Giardino","","Aglianico","","I.G.T.","via Petrara n. 21/B","Ariano Irpino","Avellino","41.158094, 15.099102","http://www.cantinagiardino.com/","0825 873084","",
"Paski","Campania","Bianco","","Cantina Giardino","","","","I.G.T.","via Petrara n. 21/B","Ariano Irpino","Avellino","41.158094, 15.099102","http://www.cantinagiardino.com/","0825 873084","",
"T'ara rà","Campania","Bianco","Greco","Cantina Giardino","","Greco","","I.G.T.","via Petrara n. 21/B","Ariano Irpino","Avellino","41.158094, 15.099102","http://www.cantinagiardino.com/","0825 873084","",
"Le Fole","Irpinia","Rosso","Aglianico","Cantina Giardino","","Aglianico","","I.G.T.","via Petrara n. 21/B","Ariano Irpino","Avellino","41.158094, 15.099102","http://www.cantinagiardino.com/","0825 873084","",
"Campania Greco","Campania","Bianco","Greco","Cantine Colle di Sandomenico","Colore giallo paglierino brillante con lievi riflessi dorati. Aroma note di frutti esotici , ananas. Sapore fresco,sapido ,note di ananas , banana, lieve nota di mandorla.","100% Greco","","I.G.T.","Via Ofantina","Chiusano Di San Domenico","Avellino","40.901135, 14.950137","http://www.cantinecolledisandomenico.it/","0825 985423","",
"Campania Falanghina","Campania","Bianco","Falanghina","Cantine Colle di Sandomenico","Colore giallo paglierino brillante con riflessi dorati. Aroma elegante e persistente con note di pera e oliva verde. Sapore fresco,sapido di facile abbinamento , ottimo anche come aperitivo.","100% Falanghina","","I.G.T.","Via Ofantina","Chiusano Di San Domenico","Avellino","40.901135, 14.950137","http://www.cantinecolledisandomenico.it/","0825 985423","",
"Falanghina del Sannio","Falanghina del Sannio","Bianco","Falanghina","Cantine Colle di Sandomenico","Colore paglierino carico con riflessi verdognoli. Aroma fine ed elegante con spiccato sentore di banana e pera matura. Sapore delicato , rotondo, frutta matura , tipica nota di pera , piacevole al palato. E’ quello che potremmo definire un “rosso vestito da bianco”.","100% Falanghina","","D.O.C.","Via Ofantina","Chiusano Di San Domenico","Avellino","40.901135, 14.950137","http://www.cantinecolledisandomenico.it/","0825 985423","",
"Fiano di Avellino","Fiano di Avellino","Bianco","Fiano di Avellino","Cantine Colle di Sandomenico","Colore giallo paglierino con riflessi verdognoli. Aroma delicato e gradevole con spiccato sentore di frutta e fiori bianchi e tipica nota di fumè. Sapore armonico, vellutato lieve nota di miele di mille fiori e tipica nota di nocciola tostata sul retrogusto e con la straordinaria capacità di acquisire complessità nel tempo.","100% Fiano","","D.O.C.G.","Via Ofantina","Chiusano Di San Domenico","Avellino","40.901135, 14.950137","http://www.cantinecolledisandomenico.it/","0825 985423","",
"Principe","Irpinia Campi Taurasini","Rosso","Aglianico","Cantine Colle di Sandomenico","Colore rubino intenso con lievi riflessi granati. Aroma tipico, intenso, note di pepe nero,prugna e frutti di bosco , con lieve sfumatura di vaniglia. Sapore strutturato ma morbido ,armonico e gradevolmente speziato: pepe , noce moscata e tabacco.","100% Aglianico","","D.O.C.","Via Ofantina","Chiusano Di San Domenico","Avellino","40.901135, 14.950137","http://www.cantinecolledisandomenico.it/","0825 985423","",
"Taurasi Riserva","Taurasi","Rosso","Taurasi Riserva","Cantine Colle di Sandomenico","Colore rosso rubino carico con riflessi granati. Aroma caratteristico, intenso e persistente con sentori di vaniglia e liquirizia. Sapore tipico, morbido, pieno, con lieve fondo di confettura,gradevolmente speziato,cioccolato e tabacco.","100% Aglianico","","D.O.C.G.","Via Ofantina","Chiusano Di San Domenico","Avellino","40.901135, 14.950137","http://www.cantinecolledisandomenico.it/","0825 985423","",
"Campania Aglianico","Campania","Rosso","Aglianico","Cantine Colle di Sandomenico","Colore rosso rubino vivace. Aroma persistente con note di violetta di bosco e frutti rossi.Sapore asciutto, leggermente tannico,equilibrato lieve speziatura.","100% Aglianico","","I.G.T.","Via Ofantina","Chiusano Di San Domenico","Avellino","40.901135, 14.950137","http://www.cantinecolledisandomenico.it/","0825 985423","",
"Irpinia Aglianico","Irpinia","Rosso","Aglianico","Cantine Colle di Sandomenico","Colore rosso rubino con riflessi violacei. Aroma intenso,persistente,caratteristico e gradevole con sentori di violetta di bosco e pepe nero. Sapore secco,giustamente tannico,morbido, di corpo e confettura di frutta rossa e lieve speziatura.","100% Aglianico","","D.O.C.","Via Ofantina","Chiusano Di San Domenico","Avellino","40.901135, 14.950137","http://www.cantinecolledisandomenico.it/","0825 985423","",
"Greco di Tufo","Greco di Tufo","Bianco","Greco di Tufo","Cantine Colle di Sandomenico","Colore paglierino più o meno intenso con riflessi verdognoli. Aroma pronunciato, deciso, gradevole con note varietali di ananas e frutta esotica. Sapore asciutto, sapido,buona spalla acida ma equilibrato dal carattere deciso con gradevoli note fruttate,ananas ,albicocca,banana,e retrogusto mandorlato.","100% Greco","","D.O.C.G.","Via Ofantina","Chiusano Di San Domenico","Avellino","40.901135, 14.950137","http://www.cantinecolledisandomenico.it/","0825 985423","",
"","","","","Cantine Del Barone","","","","","Via Provinciale 87","Cesinali","Avellino","40.892615, 14.838032","http://www.cantinadelbarone.it/","0825 666751","",
"Greco di Tufo Stemma","Greco di Tufo","Bianco","Greco di Tufo","Cantine Di Marzo","Giallo solare con riflessi dorati.Al naso, una predominanza di pietra focaia, fior d’arancio e macchia mediterranea che evolve in note più fruttate con una leggera traccia di eucalipto. In bocca il primo impatto è uno di freschezza sostenuto dall’acidità che dà struttura. La mineralità si associa a note di agrumi. In finale rimane una lunga persistenza aromatica con una nota di mandorla amara.Con il tempo, questa mineralità diventa predominante.","100% Greco","12,5%","D.O.C.G.","Via Gaetano di Marzo, 2","Tufo","Avellino","41.010560, 14.820550","http://www.cantinedimarzo.it/","0825 998022","",
"","","","","Cantine Foschini","","","","","Corso Umberto I, 165","Guardia Sanframondi","Benevento","41.256588, 14.595523","http://www.cantinefoschini.it/","0824 864439","",
"","","","","Cantine I Colli del Sannio","","","","","Contrada Rivolta","Torrecuso","Benevento","41.175295, 14.701847","","0824 872554","",
"Fiano di Avellino Stemma","Fiano di Avellino","Bianco","Fiano di Avellino","Cantine di Marzo","Il vino è giallo chiaro con riflessi che tendono al verde pallido. Al naso offre una struttura aromatica che inizia con note distinte di pera che evolve verso note di banana e frutta esotica. In finale si nota un bouquet di fiori bianchi soprattutto gelsomino e mughetto. In bocca, un gusto iniziale di mandorla cede alla natura floreale del vino. L’aroma di fiori bianchi avvolge il palato lasciando un senso di freschezza e un sapore di limone con note di fiori selvatici.","100% Fiano","12,5%","D.O.C.G.","Via Gaetano di Marzo, 2","Tufo","Avellino","41.010560, 14.820550","http://www.cantinedimarzo.it/","0825 998022","",
"","","","","Colli di Castelfranci","","","","","Contrada Braudiano","Castelfranci","Avellino","40.916298, 15.081493","http://www.collidicastelfranci.com/default.php?cod=","0827 72392","",
"","","","","Crypta Castagnara","","","","","Via Taverna Del Monaco n,4","Grottolella","Avellino","40.967330, 14.792886","http://www.cryptacastagnara.it/lazienda/","0825 671200","",
"","","","","De Conciliis","","","","","località Querce, 1","Prignano Cilento","Salerno","40.330290, 15.064727","http://www.viticoltorideconciliis.it/","info@viticoltorideconciliis.it","",
"Cava Rupem","Sannio","Rosso","Aglianico","De Fortuna","Colore rosso rubino carico con riflessi granati, profumi di confettura, cannella, liquirizia con sfumature tostate.","100% Aglianico","","D.O.C.","Via Pesche Prima","Frasso Telesino","Benevento","41.156137, 14.528646","http://vinidefortuna.it/",824.979516,"",
"Finile","Beneventano","Bianco","Falanghina","De Fortuna","Colore giallo paglierino con riflessi dorati, profumi frutta esotica e fiori bianchi.","Falanghina; Garganega","","I.G.T.","Via Pesche Prima","Frasso Telesino","Benevento","41.156137, 14.528646","http://vinidefortuna.it/",824.979516,"",
"Murto","Sannio","Rosso","","De Fortuna","Colore rosso rubino intenso, profumi di sottobosco, prugna e vaniglia.","Aglianico; Cabernet Sauvignon; Sangiovese","","D.O.C.","Via Pesche Prima","Frasso Telesino","Benevento","41.156137, 14.528646","http://vinidefortuna.it/",824.979516,"",
"Rosatium","Sannio","Rosato","","De Fortuna","","Aglianico; Sangiovese","","D.O.C.","Via Pesche Prima","Frasso Telesino","Benevento","41.156137, 14.528646","http://vinidefortuna.it/",824.979516,"",
"4 Moggi","Sannio","Bianco","Falanghina","De Fortuna","Colore giallo paglierino lieve con riflessi verdolini, profumo intenso di frutta esotica.","100% Falanghina","","D.O.C.","Via Pesche Prima","Frasso Telesino","","41.156137, 14.528646","http://vinidefortuna.it/",824.979516,"",
"Maletiempo","Beneventano","Rosso","Aglianico","De Fortuna","Colore rosso rubino, profumi di mora, fiori e frutta a bacca rossa.","Aglianico; Sangiovese","","I.G.T.","Via Pesche Prima","Frasso Telesino","Benevento","41.156137, 14.528646","http://vinidefortuna.it/",824.979516,"",
"Sigillo","Vino Spumante","Bianco","","Del Nonno","All'esame visivo giallo paglierino, cristallino, bollicine fini e numerose. All' olfatto intenso, persistente, fine, fragrante con sentori di fiori bianchi (tiglio). Al gusto secco, abbastanza caldo, abbastanza morbido, fresco, sapido, equilibrato, intenso e persistente di corpo; con note di frutta matura.","100% Fiano","","V.S.","Via Provinciale per San Michele, 109","Cesinali","Avellino","40.890053, 14.835395","http://www.delnonno.it/vini_la_cantina_del_nonno_avellino_campania.php",825666347,"",
"Fiano Campania","Campania","Bianco","Fiano","Del Nonno","Alla vista giallo paglierino, brillante, nel bicchiere movimento compatto. All'olfatto intenso, persistente, fine. Al gusto intenso, persistente, secco, caldo, di corpo, sentori di minerale (pietra focaia), anice, frutta matura, marmellata di mela cotogna; morbido ed equilibrato; retrogusto amarognolo.","100% Fiano","","I.G.P.","Via Provinciale per San Michele, 109","Cesinali","Avellino","40.890053, 14.835395","http://www.delnonno.it/vini_la_cantina_del_nonno_avellino_campania.php",825666347,"",
"","","","","Di Prisco","","","","","C.da Rotole 27","Fontanarosa","Avellino","","http://cantinadiprisco.it/",825475738,"",
"","","","","Domenico Caputo","","","","","Via Piano D'Angelo, 2","Taurasi","Avellino","41.008104, 14.973814","http://www.taurasi.it/",82774558,"",
"","","","","Gran Furor Divina Costiera","","","","","Via G.B. Lama, 16/18","Furore","Salerno","40.620562, 14.548876","http://www.marisacuomo.com/","089 830348","",
"","","","","Grotta del Sole","","","","","Via Spinelli, 2","Quarto","Napoli","40.876861, 14.107359","http://www.grottadelsole.it/","081 060 2981","https://www.google.it/maps/place/Cantine+Grotta+Del+Sole+Srl/@40.8768936,14.1074023,15z/data=!4m5!3m4!1s0x0:0x2d3569fd50ed7061!8m2!3d40.8768936!4d14.1074023",
"Fiano di Avellino","Fiano di Avellino","Bianco","Fiano di Avellino","Guido Marsella","","100% Fiano","13,5%","D.O.C.G.","Via Morroni, 1","Summonte","Avellino","40.946305, 14.747731","http://www.guidomarsella.com/","0825 691005","",
"","","","","I Favati","","","","","Piazza Di Donato, 41","Cesinali","Avellino","40.899450, 14.825894","http://www.cantineifavati.it/",825.666898,"",
"Gioviano","Campania","Rosso","Aglianico","Il Cancelliere","","100% Aglianico","15%","I.G.T.","Contrada Iampenne, 45","Montemarano","Avellino","40.936891, 15.020842","http://www.ilcancelliere.it/home.html","0827 63557","",
"Nero Né Riserva","Taurasi","Rosso","Riserva","Il Cancelliere","","100% Aglianico","14%","D.O.C.G.","Contrada Iampenne, 45","Montemarano","Avellino","40.936891, 15.020842","http://www.ilcancelliere.it/home.html","0827 63557","",
"Nero Né","Taurasi","Rosso","Taurasi","Il Cancelliere","","100% Aglianico","14,5%","D.O.C.G.","Contrada Iampenne, 45","Montemarano","Avellino","40.936891, 15.020842","http://www.ilcancelliere.it/home.html","0827 63557","",
"","","","","Il Regno dei Vini","","","","","Via Cappella, 415","Monte di Procida","Napoli","40.803087, 14.059014","","081 8689086","",
"","","","","La Casa dell' Orco","","","","","Via Limaturo, 52","San Michele di Pratola","Avellino","40.912723, 14.769109","http://www.lacasadellorco.it/","0825 967038","",
"Aglianico del Taburno Rosato","Aglianico del Taburno","Rosato","Aglianico del Taburno","La Dormiente","Il colore si presenta rosato, all'odore ricorda sentori di fragloa, lampone e ribes.","100% Aglianico","","D.O.C.G.","","","","41.191191, 14.677535","","","",
"Lino delle Fate","Aglianico del Taburno","Rosso","Aglianico  del Taburno Passito","La Dormiente","Il colore si presenta rosso rubino carico, con un aspetto denso. All'odore ricorda sentori di frutta a bacca rossa, ciliegia e prugna secca. Morbido e denso al gusto.","100% Aglianico","","D.O.C.G.","","","","41.191191, 14.677535","","","",
"Falanghina del Taburno","Falanghina del Sannio Taburno","Bianco","Falanghina","La Dormiente","Il colore si presenta giallo paglierino carico, con riflessi verdognoli. All'odore si presenta delicatamente fruttato con note floreali e speziate. Morbido al gusto, buona sapidità con finale persistente.","100% Falanghina","","D.O.C.","Via Centore","Torrecuso","Benevento","41.191191, 14.677535","http://www.ladormiente.it/default.php?section=home","0824 872737","",
"Marilò","Sannio Taburno","Bianco","Coda di Volpe","La Dormiente","Il vino si presenta giallo paglierino con riflessi dorati. All'odore si presenta delicatamente fruttato con note minerali, morbido al gusto.","100% Coda di Volpe","","D.O.C.","","","","41.191191, 14.677535","","","",
"Aglianico Beneventano","Beneventano","Rosso","Aglianico","La Dormiente","Il colore si presenta rosso rubino, all'odore ricorda sentori di frutta a bacca rossa, morbino e denso al gusto, con tannini ben equilibrati.","100% Aglianico","","I.G.T.","","","","41.191191, 14.677535","","","",
"Falanghina Beneventano","Beneventano","Bianco","Falanghina","La Dormiente","Il colore si presenta giallo paglierino con riflessi verdognoli. All'odore si presenta delicatamente fruttato morbido al gusto, con finale persistente.","100% Falanghina","","I.G.T.","","","","41.191191, 14.677535","","","",
"Aglianico del Taburno","Aglianico del Taburno","Rosso","Aglianico del Taburno","La Dormiente","Il colore si presenta rosso rubino carico, all'odore ricorda sentori di frutta a bacca rossa, morbino e denso al gusto, con tannini ben equilibrati.","100% Aglianico","","D.O.C.G.","","","","41.191191, 14.677535","","","",
"Rosso Riserva Janare","Sannio Guardia Sanframondi","Rosso","Riserva","La Guardiense","Vino dal colore profondo, intenso al profumo con sensazioni dolci e vanigliate che si fondono alle note speziate.Al gusto l’imponente struttura tannica è di particolare morbidezza e setosità.","80% Sangiovese; 20% Aglianico","13,5%","D.O.P.","Località S.Lucia 104/105","Guardia Sanframondi","Benevento","41.250695, 14.574452","http://www.laguardiense.it/index.php","0824 864034","",
"Cantone","Sannio","Rosso","Piedirosso","La Guardiense","Il colore è un superbo rubino profondo, ampio al profumo con note fruttate di mora che si amalgamano alla vaniglia. Al gusto la dolcezza del tannino si integra alla fresca mineralità tipica del Piedirosso, creando un insieme di notevole persistenza.","100% Piedirosso","13,5%","D.O.P.","Località S.Lucia 104/105","Guardia Sanframondi","Benevento","41.250695, 14.574452","http://www.laguardiense.it/index.php","0824 864034","",
"Laureto","Falanghina del Sannio","Bianco","Falanghina Passito","La Guardiense","Vino dal colore dorato, al profumo si avvertono sentori di vaniglia, miele ma anche frutta matura. Caratterizzato da una dolcezza bilanciata che termina con avvolgenti note mandorlate.","100% Falanghina","13%","I.G.P.","Località S.Lucia 104/105","Guardia Sanframondi","Benevento","41.250695, 14.574452","http://www.laguardiense.it/index.php","0824 864034","",
"Coda di Volpe Janari","Sannio","Bianco","Coda di Volpe","La Guardiense","Colore giallo paglierino con riflessi verdi e profumo floreale di notevole intensità.Sensazioni di freschezza incrementano progressivamente conferendo un gusto bilanciato e piacevole.","100% Coda di Volpe","13,5%","D.O.P.","Località S.Lucia 104/105","Guardia Sanframondi","Benevento","41.250695, 14.574452","http://www.laguardiense.it/index.php","0824 864034","",
"Greco Janare","Sannio","Bianco","Greco","La Guardiense","Intenso colore giallo paglierino, fragranza contraddistinta da toni fruttati e da spiccata intensità e persistenza.Sensazioni di acidità e sapidità incrementano progressivamente conferendo un gusto bilanciato e piacevole.","100% Greco","13,5%","D.O.P.","Località S.Lucia 104/105","Guardia Sanframondi","Benevento","41.250695, 14.574452","http://www.laguardiense.it/index.php","0824 864034","",
"Fiano Janare","Sannio","Bianco","Fiano","La Guardiense","Colore giallo paglierino con riflessi verdi, caratteristico profumo floreale e di frutta a polpa bianca.","100% Fiano","13,5%","D.O.P.","Località S.Lucia 104/105","Guardia Sanframondi","Benevento","41.250695, 14.574452","http://www.laguardiense.it/index.php","0824 864034","",
"Falanghina Janare","Falanghina del Sannio","Bianco","Falanghina","La Guardiense","Colore giallo paglierino, caratteristico profumo fruttato e di notevole intensità. Sensazioni di acidità e sapidità incrementano progressivamente conferendo un gusto bilanciato e piacevole.","100% Falanghina","13,6%","D.O.P.","Località S.Lucia 104/105","Guardia Sanframondi","Benevento","41.250695, 14.574452","http://www.laguardiense.it/index.php","0824 864034","",
"Cantari","Sannio Guardia Sanframondi","Rosso","Aglianico Riserva","La Guardiense","Vino dal colore profondo, intenso al profumo con sensazioni dolci e vanigliate che si fondono alle note speziate. Al gusto l’imponente struttura tannica è di particolare morbidezza e setosità.","100% Aglianico","14%","D.O.P.","Località S.Lucia 104/105","Guardia Sanframondi","Benevento","41.250695, 14.574452","http://www.laguardiense.it/index.php","0824 864034","",
"Piedirosso Janare","Sannio","Rosso","Piedirosso","La Guardiense","Vino dal colore intenso con sfumature granata, al profumo le sensazioni di ciliegia si fondono a quelle vanigliate date dal passaggio in botti.Al gusto è avvolgente ed intenso, con tannini delicati e morbidi che conferiscono una buona persistenza.","100% Piedirosso","13,8%","D.O.P.","Località S.Lucia 104/105","Guardia Sanframondi","Benevento","41.250695, 14.574452","http://www.laguardiense.it/index.php","0824 864034","",
"Senete","Falanghina del Sannio Guardia Sanframondi","Bianco","Falanghina","La Guardiense","Colore giallo paglierino, caratteristico profumo fruttato e di notevole intensità. Sensazioni di acidità e sapidità incrementano progressivamente conferendo un gusto bilanciato e piacevole.","100% Falanghina","13,5%","D.O.P.","Località S.Lucia 104/105","Guardia Sanframondi","Benevento","41.250695, 14.574452","http://www.laguardiense.it/index.php","0824 864034","",
"Colle di Tilio","Sannio","Bianco","Fiano","La Guardiense","Colore giallo paglierino con riflessi verdi, caratteristico profumo floreale e di frutta a polpa bianca.","100% Fiano","13,5%","D.O.P.","Località S.Lucia 104/105","Guardia Sanframondi","Benevento","41.250695, 14.574452","http://www.laguardiense.it/index.php","0824 864034","",
"Aglianico Janare","Sannio Guardia Sanframondi","Rosso","Aglianico","La Guardiense","Vino dal colore intenso con sfumature violacee, al profumo le sensazioni di ciliegia si fondono a quelle vanigliate date dal passaggio in botti.Al gusto è avvolgente ed intenso, con tannini importanti ma setosi.","100% Aglianico;","13,8%","D.O.P.","Località S.Lucia 104/105","Guardia Sanframondi","Benevento","41.250695, 14.574452","http://www.laguardiense.it/index.php","0824 864034","",
"Lucchero","Sannio Guardia Sanframondi","Rosso","Aglianico","La Guardiense","Vino dal colore intenso con sfumature violacee, al profumo le sensazioni di ciliegia si fondono a quelle vanigliate date dal passaggio in botti.Al gusto è avvolgente ed intenso, con tannini importanti ma setosi.","100% Aglianico","13,5%","D.O.P.","Località S.Lucia 104/105","Guardia Sanframondi","Benevento","41.250695, 14.574452","http://www.laguardiense.it/index.php","0824 864034","",
"Pietralata","Sannio","Bianco","Greco","La Guardiense","Intenso colore giallo paglierino, fragranza contraddistinta da toni fruttati e da spiccata intensità e persistenza.Sensazioni di acidità e sapidità incrementano progressivamente conferendo un gusto bilanciato e piacevole.","100% Greco","13,5%","D.O.P.","Località S.Lucia 104/105","Guardia Sanframondi","Benevento","41.250695, 14.574452","http://www.laguardiense.it/index.php","0824 864034","",
"Solopaca Bianco Luna","Sannio Solopaca","Bianco","","La Vinicola Del Vecchio","Colore giallo paglierino.","60% Trebbiano Toscano; 20% Malvasia di Candia; 20% Falanghina","12%","D.O.C.","Via S. Giovanni, 55","Telese Terme","Benevento","41.204999, 14.501672","http://www.lavinicoladelvecchio.it/index.html","0824 975028","",
"Sannio Barbera - Tiffany","Sannio","Rosso","Barbera","La Vinicola Del Vecchio","Vino elegante ma allo stesso tempo robusto e corposo.","100% Barbera","13%","D.O.C.","Via S. Giovanni, 55","Telese Terme","Benevento","41.204999, 14.501672","http://www.lavinicoladelvecchio.it/index.html","0824 975028","",
"Spumante Falanghina","Vino Spumante","Bianco","Brut","La Vinicola Del Vecchio","Colore chiaro con un fine perlage.","100% Falanghina","12%","V.S.","Via S. Giovanni, 55","Telese Terme","Benevento","41.204999, 14.501672","http://www.lavinicoladelvecchio.it/index.html","0824 975028","",
"Solopaca Rosso Biologico","Sannio Solopaca","Rosso","","La Vinicola Del Vecchio","Colore rosso rubino carico dal profumo intenso e caratteristico.","70% Sangiovese; 20% Aglianico; 10% Montepulciano","12%","D.O.C.","Via S. Giovanni, 55","Telese Terme","Benevento","41.204999, 14.501672","","0824 975028","",
"Solopaca Bianco Biologico","Sannio Solopaca","Bianco","","La Vinicola Del Vecchio","Colore giallo paglierino scarico","60% trebbiano Toscano; 20% Malvasia di Candia; 20% Falanghina","12%","D.O.C.","Via S. Giovanni, 55","Telese Terme","Benevento","41.204999, 14.501672","http://www.lavinicoladelvecchio.it/index.html","0824 975028","",
"Solopaca Aglianico Biologico","Sannio Solopaca","Rosso","Aglianico","La Vinicola Del Vecchio","Colore rosso rubino carico. Dal gusto e dal profumo.","100% Aglianico","12%","D.O.C.","Via S. Giovanni, 55","Telese Terme","Benevento","41.204999, 14.501672","http://www.lavinicoladelvecchio.it/index.html","0824 975028","",
"Solopaca Falanghina Biologico","Sannio Solopaca","Bianco","Falanghina","La Vinicola Del Vecchio","Colore giallo paglierino scarico con riflessi verdognoli. Gradevole e delicato.","100% Falanghina","12%","D.O.C.","Via S. Giovanni, 55","Telese Terme","Benevento","41.204999, 14.501672","http://www.lavinicoladelvecchio.it/index.html","0824 975028","",
"Aglianico Luna","Sannio","Rosso","Aglianico","La Vinicola Del Vecchio","Colore rosso rubino carico. Morbido e armonioso, dal gusto e dal profumo tipico.","85% Aglianico; 15% Montepulciano","12%","I.G.T.","Via S. Giovanni, 55","Telese Terme","Benevento","41.204999, 14.501672","http://www.lavinicoladelvecchio.it/index.html","0824 975028","",
"Solopaca Aglianico - Tiffany","Sannio Solopaca","Rosso","Aglianico","La Vinicola Del Vecchio","Questo vino giovane, ottenuto da pressatura soffice delle bucce, si rende molto gradevole grazie alla sua morbidezza e armoniosità. Dal gusto e dal profumo tipico.","85% Aglianico; 15% Montepulciano","12%","D.O.C.","Via S. Giovanni, 55","Telese Terme","Benevento","41.204999, 14.501672","http://www.lavinicoladelvecchio.it/index.html","0824 975028","",
"Solopaca Coda di Volpe - Tiffany","Sannio Solopaca","Bianco","Coda di Volpe","La Vinicola Del Vecchio","Dal colore giallo paglierino, dall'odore delicato e floreale e dal gusto asciutto, tipico e vellutato.","100% Coda di Volpe","12,5%","D.O.C.","Via S. Giovanni, 55","Telese Terme","Benevento","41.204999, 14.501672","http://www.lavinicoladelvecchio.it/index.html","0824 975028","",
"Solopaca Greco - Tiffany","Sannio Solopaca","Bianco","Greco","La Vinicola Del Vecchio","Dal sapore delicato e armonioso e con profumo tipico di muschio.","100% Greco","12,5%","D.O.C.","Via S. Giovanni, 55","Telese Terme","Benevento","41.204999, 14.501672","http://www.lavinicoladelvecchio.it/index.html","0824 975028","",
"Sangiovese","Beneventano","Rosso","Sangiovese","La Vinicola Del Vecchio","Vino dal colore rosso rubino.","80% Sangiovese; 20% Montepulciano","11%","I.G.T.","Via S. Giovanni, 55","Telese Terme","Benevento","41.204999, 14.501672","http://www.lavinicoladelvecchio.it/index.html","0824 975028","",
"Solopaca Rosso Luna","Sannio Solopaca","Rosso","","La Vinicola Del Vecchio","Vino dal colore rosso rubino carico e dal profumo intenso e caratteristico.","60% Sangiovese; 20% Montepulciano; 20% Aglianico","12%","D.O.C.","Via S. Giovanni, 55","Telese Terme","Benevento","41.204999, 14.501672","http://www.lavinicoladelvecchio.it/index.html","0824 975028","",
"Novello Sole","Beneventano","Rosso","Novello","La Vinicola Del Vecchio","Colore rosso rubino carico.","100% Aglianico","12%","I.G.T.","Via S. Giovanni, 55","Telese Terme","Benevento","41.204999, 14.501672","http://www.lavinicoladelvecchio.it/index.html","0824 975028","",
"Aglianico Sole","Beneventano","Rosso","Aglianico","La Vinicola Del Vecchio","Colore rosso rubino carico. Morbido e armonioso, dal gusto e dal profumo tipico.","85% Aglianico; 15% Montepulciano","12%","I.G.T.","Via S. Giovanni, 55","Telese Terme","Benevento","41.204999, 14.501672","http://www.lavinicoladelvecchio.it/index.html","0824 975028","",
"Falanghina Sole","Beneventano","Bianco","Falanghina","La Vinicola Del Vecchio","Colore giallo paglierino scarico. Semplice e allo stesso tempo ricco di personalità e profumi.","80% Falanghina; 20% Trebbiano Toscano","12%","I.G.T.","Via S. Giovanni, 55","Telese Terme","Benevento","41.204999, 14.501672","http://www.lavinicoladelvecchio.it/index.html","0824 975028","",
"Solopaca Falanghina - Tiffany","Sannio Solopaca","Bianco","Falanghina","La Vinicola Del Vecchio","Vino tipico, dal colore chiaro e dal sapore asciutto e fruttato.","100% Falanghina","12,5%","D.O.C.","Via S. Giovanni, 55","Telese Terme","Benevento","41.204999, 14.501672","http://www.lavinicoladelvecchio.it/index.html","0824 975028","",
"Nepente","Fiano di Avellino","Bianco","Fiano di Avellino","Manimurci","Mix tra freschezza e finezza. Dal colore giallo paglia si passa subito all'eleganza dei sentori di ananas e pera. Perfettamente strutturato e morbido. L'acidità è quella di un Fiano dall'equilibrio miracoloso.","100% Fiano","13%","D.O.C.G.","ss164 km 83-200","Paternopoli","Avellino","40.964298, 15.036874","http://www.manimurci.com/","393 825 7033","",
"Poema","Taurasi","Rosso","Taurasi","Manimurci","Colore rubino granato, brillante e intenso, compatto, al naso si presenta elegante con sentori netti di frutta rossa in confettura, con sentori floreali e speziati. In bocca la sensazione è di ottima consistenza, articolata ed equilibrata, con tannini ben fusi con un finale lungo e intenso.","100% Aglianico","14-15%","D.O.C.G.","ss164 km 83-200","Paternopoli","Avellino","40.964298, 15.036874","http://www.manimurci.com/","393 825 7033","",
"Puella","Campania","Bianco","Falanghina","Manimurci","Colore giallo paglierino con riflessi verdognoli, fruttato fresco, con sentori di mela verde e ananas acerbo, con una spiccata acidità in equilibrio perfetto con la struttura del vino.","100% Falanghina","12-12,5%","I.G.T.","ss164 km 83-200","Paternopoli","Avellino","40.964298, 15.036874","http://www.manimurci.com/","393 825 7033","",
"Rifrisco","Irpinia","Bianco","Coda di Volpe","Manimurci","Colore giallo paglierino con odori fruttati complessi, sapore fresco, morbido, giustamente acidulo, ben armonizzato","100% Coda di Volpe","12-12,5%","D.O.C.","ss164 km 83-200","Paternopoli","Avellino","40.964298, 15.036874","http://www.manimurci.com/","393 825 7033","",
"Rossocupo","Irpinia Campi Taurasini","Rosso","Aglianico","Manimurci","Affascinante rosso rubino. Seduce la potenza dei profumi di vaniglia, spezie e frutti rossi. Imponente nella sua complessità degustativa, sapore secco in cui si armonizzano i tannini.","100% Aglianico","13,5%","D.O.C.","ss164 km 83-200","Paternopoli","Avellino","40.964298, 15.036874","http://www.manimurci.com/","393 825 7033","",
"Calore","Campania","Rosso","Aglianico","Manimurci","Ha un colore rosso rubino carico, con odori di frutti rossi che ricordano le ciliege e le prugne, dal sapore corposo, con una giusta tannicità ben amalgamata.","100% Aglianico","12-12,5%","I.G.T.","ss164 km 83-200","Paternopoli","Avellino","40.964298, 15.036874","http://www.manimurci.com/","393 825 7033","",
"4 Contrade","Irpinia","Rosso","Aglianico","Manimurci","Ha un colore rosso rubino carico e aromi complessi dove primeggiano note di frutti rossi e spezie. Il gusto corposo si impone al palato in modo quasi autorevole. I tannini morbidi carezzano la lingua e completano la pienezza di un vino generoso.","100% Aglianico","13,5%","D.O.C.","ss164 km 83-200","Paternopoli","Avellino","40.964298, 15.036874","http://www.manimurci.com/","393 825 7033","",
"Falange","Sannio","Bianco","Falanghina","Manimurci","Colore giallo paglierino con tinte verdognole. Il profumo è ben pronunciato, si alternano in sequenza mela verde e ananas acerbo, ginestra in fiore e limoncella. Sapore secco, pieno, fruttato. La spiccata acidità è in un delicato equilibrio con la sua struttura.","100% Falanghina","13%","D.O.C.","ss164 km 83-200","Paternopoli","Avellino","40.964298, 15.036874","http://www.manimurci.com/","393 825 7033","",
"Zagreo","Greco di Tufo","Bianco","Greco di Tufo","Manimurci","Giallo paglia fresco e attraente. Sentori di frutta succosa, si staglia nitida la pesca, poi emergono vaniglia e miele. Quello che promette alla vista e al naso offre poi al palato; struttura impeccabile, acidità accennata.","100% Greco","13%","D.O.C.G.","ss164 km 83-200","Paternopoli","Avellino","40.964298, 15.036874","http://www.manimurci.com/","393 825 7033","",
"","","","","Mier Vini","","","","","Via F. Tedesco, 5","Taurasi","Avellino","41.009109, 14.957808","http://miervini.it/","0827 74085","",
"","","","","Oppida Aminea","","","","","Contrada Coluonni, 20","Benevento","Benevento","41.137979, 14.832058","http://www.arcipelagomuratori.it/","0824 334061","",
"","","","","Petilia","","","","","C/da Pincera SNC, Loc. Campofiorito","Altavilla Irpina","Avellino","40.991019, 14.783194","","0825 991696","http://www.lucianopignataro.it/a/petilia-ad-altavilla-irpina/91491/",
"Zerlina","Falanghina del Sannio","Bianco","Falanghina","Rotola","Vino di colore giallo dai riflessi verdacei.Al naso si rileva con sensori di fiori bianchi e aromi di agrumi. Al palato esprime armonicitö e freschezza, caratteristiche del vitigno ""falanghina"".","100% Falanghina","12,5%","D.O.C.","Contrada Rotola","Ceppaloni","Benevento","41.047085, 14.761390","http://www.rotola.it/home.htm","0824 55411","",
"Morgie Rosse","Beneventano","Bianco","Falanghina","Rotola","Falanghina di colore giallo paglierino con riflessi dorati. Al naso si rivela con una freschezza di aromi di agrumi e fiori bianchi, uniti ad un delicato fruttato. Al gusto si mostra aromatico e morbido di buona lunghezza con una nota verde.","100% Falanghina","12%","I.G.T.","Contrada Rotola","Ceppaloni","Benevento","41.047085, 14.761390","http://www.rotola.it/home.htm","0824 55411","",
"Acini di Strapizzo","Sannio","Rosso","Aglianico","Rotola","L’intensità del colore rosso lascia presagire la sua enorme potenzialità qualitativa. Dal profumo ampio e persistente, con netti sensori di ribes, lamponi e un legno appena percettibile che armonizza aromi speziati di tabacco e pepe verde. Presenta al gusto un corpo deciso, caldo e robusto, meritevole di un lungo invecchiamento in botti di rovere.","100% Aglianico","12%","D.O.C.","Contrada Rotola","Ceppaloni","Benevento","41.047085, 14.761390","http://www.rotola.it/home.htm","0824 55411","",
"Leporello","Sannio","Bianco","Coda di Volpe","Rotola","Vino di colore giallo paglierino con tipici riflessi dorati. Al naso si rileva ricco di sentori floreali. Al palato esprime una ricca ed armonica complessità gustativa.","100% Coda di Volpe","12%","D.O.C.","Contrada Rotola","Ceppaloni","Benevento","41.047085, 14.761390","http://www.rotola.it/home.htm","0824 55411","",
"Nido dei Corvi","Sannio","Rosso","Novello","Rotola","Un novello dal colore rosso vivo con riflessi violacei, dal profumo ampio, fruttato dalle piacevoli note di kirsh. In bocca esprime un’armonica e piacevole sensazione di frutta matura.","Montepulciano; Merlot","11,5%","D.O.C.","Contrada Rotola","Ceppaloni","Benevento","41.047085, 14.761390","http://www.rotola.it/home.htm","0824 55411","",
"Argille Amare","Sannio","Rosso","Aglianico","Rotola","Aglianico di colore rubino intenso con tipici riflessi granati. Al naso si rileva con sensori di frutti di bosco, tabacco e marasca, con grande potenza gustativa segnata dai tannini che, pur giovani, risultano dolci e aromatici.","100% Aglianico","12%","D.O.C.","Contrada Rotola","Ceppaloni","Benevento","41.047085, 14.761390","http://www.rotola.it/home.htm","0824 55411","",
"Pescone Ardente","Sannio","Rosso","Aglianico","Rotola","Colore rubino intenso con tipici riflessi granati. Al naso si rileva con sensori di frutti di bosco, tabacco e marasca, con grande potenza gustativa segnata dai tannini che, pur giovani, risultano dolci e aromatici.","100% Aglianico","11,5%","I.G.T.","Contrada Rotola","Ceppaloni","Benevento","41.047085, 14.761390","http://www.rotola.it/home.htm","0824 55411","",
"Donnaceleste","Fiano di Avellino","Bianco","Fiano di Avellino","Russo Taurasi","Colore giallo oro con riflessi verdognoli. Al naso predomina il floreale di tiglio e acacia e un vegetale che ricorda il finocchietto. Al gusto è morbido lungo, elegante e chiude in bocca lasciando piacevolezza ed equilibrio con note di mandorla e nocciola.","100% Fiano","","D.O.C.G.","Via Fontana dello Spalatrone, Località Carazita","Taurasi","Avellino","40.993641, 14.979193","http://www.cantinerussotaurasi.com/","06 9410405","",
"Grandilla","Campania","Bianco","Falanghina","Russo Taurasi","Colore giallo con riflessi dorati, sentori di ginestra, ananas e albicocca e con toni speziati di cannella e nocciola. In bocca è grasso ma tenuto fresco dalla mineralità e dall'acidità che ne conservano l'equilibrio e le caratteristiche tipiche del vitigno.","100% Falanghina","","I.G.T.","Via Fontana dello Spalatrone, Località Carazita","Taurasi","Avellino","40.993641, 14.979193","http://www.cantinerussotaurasi.com/","06 9410405","",
"Spalatrone","Taurasi","Rosso","Taurasi","Russo Taurasi","Colore rosso violaceo impenetrabile, sentore di frutti rossi, spezie balsamiche, cocco e vaniglia, ottima struttura con finale di lunga persistenza e leggermente tannico.","100% Aglianico","","D.O.C.G.","Via Fontana dello Spalatrone, Località Carazita","Taurasi","Avellino","40.993641, 14.979193","http://www.cantinerussotaurasi.com/","06 9410405","",
"Macri","Irpinia Campi Taurasini","Rosso","Aglianico","Russo Taurasi","Colore rosso violaceo con sentore di frutti rossi e spezie, buona struttura persistente e un po' tannico.","100% Aglianico","","D.O.C.","Via Fontana dello Spalatrone, Località Carazita","Taurasi","Avellino","40.993641, 14.979193","http://www.cantinerussotaurasi.com/","06 9410405","",
"Grelé","Greco di Tufo","Bianco","Greco di Tufo","Russo Taurasi","Colore brillante e deciso, tendente al giallo paglierino, i profumi sono complessi e fruttati.In bocca è morbido, concentrato e fresco, caratteristiche abilmente amalgamate che gli conferiscono un piacevole equilibrio.","100% Greco","","D.O.C.G.","Via Fontana dello Spalatrone, Località Carazita","Taurasi","Avellino","40.993641, 14.979193","http://www.cantinerussotaurasi.com/","06 9410405","",
"","","","","San Giovanni","","","","","Località Punta Tresino","Castellabate","Salerno","40.322397, 14.947323","http://www.agricolasangiovanni.it/","0974 965136","",
"Calpurnia","Falanghina del Sannio Taburno","Bianco","Falanghina","Serra degli Ilici","Colore giallo paglierino brillante, con profumo floreale e fruttato che ricorda mela, frutta esotica e foglia di salvia. Al gusto pieno, armonico e molto tipico.","100% Falanghina","14-15%","D.O.C.","C.da Santo Stefano","Vitulano","Benevento","41.208495, 14.612287","http://www.serradeglilici.it/index.html",824.887028,"",
"Acellius","Aglianico del Taburno","Rosso","Aglianico del Taburno","Serra degli Ilici","Colore rosso rubino tendente al granata, profumi ricchi ed eleganti con tannini maturi e morbidi di travolgente spessore.","100% Aglianico","14-15%","D.O.C.G.","C.da Santo Stefano","Vitulano","Benevento","41.208495, 14.612287","http://www.serradeglilici.it/index.html",824.887028,"",
"Veemente","Sannio","Rosso","Aglianico","Serra degli Ilici","Colore rosso rubino tendente al granata, profumi ricchi ed eleganti, con tannini maturi e morbidi di travolgente spessore.","70% Aglianico; 30% Merlot","13-14,5%","D.O.C.","C.da Santo Stefano","Vitulano","Benevento","41.208495, 14.612287","http://www.serradeglilici.it/index.html",824.887028,"",
"Aglianico","Sannio","Rosso","Aglianico","Serra degli Ilici","Colore rosso rubino, riflessi granata con l'invecchiamento. Bouquet completto con note di frutti di bosco. Secco con tannini piacevoli e vellutati.","100% Aglianico","12,5-14,5%","D.O.C.","C.da Santo Stefano","Vitulano","Benevento","41.208495, 14.612287","http://www.serradeglilici.it/index.html",824.887028,"",
"Falanghina","Falanghina del Sannio Taburno","Bianco","Falanghina","Serra degli Ilici","Colore giallo paglierino brillante, con profumo floreale e fruttato che ricorda mela, frutta esotica e foglia di salvia. Al gusto pieno, armonico e molto tipico.","100% Falanghina","12,5-14,5%","D.O.C.","C.da Santo Stefano","Vitulano","Benevento","41.208495, 14.612287","http://www.serradeglilici.it/index.html",824.887028,"",
"Coda di Volpe","Sannio Taburno","Bianco","Coda di Volpe","Serra degli Ilici","Colore giallo paglierino brillante, con intenso profumo di pesca e albicocca. Al gusto minerale e mediterraneo.","100% Coda di Volpe","12,5-13,5%","D.O.C.","C.da Santo Stefano","Vitulano","Benevento","41.208495, 14.612287","http://www.serradeglilici.it/index.html",824.887028,"",
"Lacryma Christi del Vesuvio Rosato","Vesuvio","Rosato","Lacryma Christi","Struzziero","Colore rosa tenue brillante. Odore intenso, fine, caratteristico, etereo, persistente con sentori di spezie e liquirizia. Sapore caratteristico, inconfondibile, morbido, persistente con retro gusto pieno e rotondo.","85% Piedirosso; 15% Aglianico","12,5%","D.O.C.","Via Luigi Cadorna, 214","Venticano","Avellino","41.047608, 14.918042","http://www.struzziero.it/it/",825965065,"",
"Lacryma Christi del Vesuvio Bianco","Vesuvio","Bianco","Lacryma Christi","Struzziero","Colore paglierino brillante, intenso. Odore intenso, fine, caratteristico, etereo, persistente con sentori di liquirizia. Sapore caratteristico, inconfondibile, morbido, persistente con retrogusto pieno e rotondo.","85% Coda di Volpe; 15% Falanghina o Greco","12,5%","D.O.C.","Via Luigi Cadorna, 214","Venticano","Avellino","41.047608, 14.918042","http://www.struzziero.it/it/",825965065,"",
"Lacryma Christi del Vesuvio Rosso","Vesuvio","Rosso","Lacryma Christi","Struzziero","Colore rosso rubino brillante, intenso con riflessi violacei. Odore intenso, fine, caratteristico, etereo, persistente con sentori di spezie e liquirizia. Sapore caratteristico, inconfondibile, morbido, persistente con retro gusto pieno e rotondo.","85% Piedirosso; 15% Aglianico","13,5%","D.O.C.","Via Luigi Cadorna, 214","Venticano","Avellino","41.047608, 14.918042","http://www.struzziero.it/it/",825965065,"",
"Taurasi","Taurasi","Rosso","Taurasi","Struzziero","","100% Aglianico","","D.O.C.","Via Luigi Cadorna, 214","Venticano","Avellino","41.047608, 14.918042","http://www.struzziero.it/it/",825965065,"",
"Aglianico Campania","Campania","Rosso","Aglianico","Struzziero","Colore rosso rubino brillante, intenso, con riflessi violacei. Odore intenso, fine, caratteristico, etereo persistente con sentori di spezie e vaniglia. Sapore caratteristico, inconfondibile, morbido, persistente con retrogusto pieno e rotondo.","100% Aglianico","12,5%","I.G.P.","Via Luigi Cadorna, 214","Venticano","Avellino","41.047608, 14.918042","http://www.struzziero.it/it/",825965065,"",
"Taurasi Villafosca","Taurasi","Rosso","Taurasi","Struzziero","Colore rosso granato brillante, intenso, con riflessi aranciati. Odore intenso, fine, caratteristico, etereo persistente con sentori di spezie e vaniglia. Sapore carattestico, inconfondibile, morbido, persistente con retrogusto pieno e rotondo.","100% Aglianico","13%","D.O.C.G.","Via Luigi Cadorna, 214","Venticano","Avellino","41.047608, 14.918042","http://www.struzziero.it/it/",825965065,"",
"Taurasi Riserva","Taurasi","Rosso","Taurasi Riserva","Struzziero","Colore rosso granato brillante, intenso, con riflessi aranciati. Odore intenso, fine, caratteristico, etereo persistente con sentori di spezie e vaniglia. Sapore caratteristico, inconfondibile, morbido, persistente con retrogusto pieno e rotondo.","100% Aglianico","13%","D.O.C.G.","Via Luigi Cadorna, 214","Venticano","Avellino","41.047608, 14.918042","http://www.struzziero.it/it/",825965065,"",
"Foscaro","Irpinia","Rosso","","Struzziero","Colore rosso rubino brillante, intenso, con riflessi violacei. Odore intenso, fine, caratteristico, etereo, persistente con sentori di spezie e vaniglia. Sapore caratteristico, inconfondibile, morbido, persistente con retrogusto pieno e rotondo.","100% Aglianico","14%","I.G.T.","Via Luigi Cadorna, 214","Venticano","Avellino","41.047608, 14.918042","http://www.struzziero.it/it/",825965065,"",
"Villagiulia","Greco di Tufo","Bianco","Greco di Tufo","Struzziero","Colore paglierino brillante, odore ampio ben marcato di caratteristico fruttato di pesca e rosa. Il sapore è secco ma vivace armonico con un elegante fondo fruttato persistente.","100% Greco","12%","D.O.C.","Via Luigi Cadorna, 214","Venticano","Avellino","41.047608, 14.918042","http://www.struzziero.it/it/",825965065,"",
"Vignapezze","Fiano di Avellino","Bianco","Fiano di Avellino","Struzziero","Colore paglierino brillante, intenso. Odore intenso, fine, caratteristico, etereo, persistente con sentori di albicocche. Sapore caratteristico, inconfondibile, morbido, persistente con retrogusto pieno e aromatico.","100% Fiano","13,5%","D.O.C.","Via Luigi Cadorna, 214","Venticano","Avellino","41.047608, 14.918042","http://www.struzziero.it/it/",825965065,"",
"Falanghina del Sannio","Falanghina del Sannio","Bianco","Falanghina","Struzziero","Colore paglierino brillante, intenso. Odore intenso, fine, caratteristico, persistente e fruttato. Sapore caratteristico, inconfondibile, persistente con retrogusto leggermente acidulo e floreale.","90% Falanghina; 10% Coda di Volpe","11%","D.O.C.","Via Luigi Cadorna, 214","Venticano","Avellino","41.047608, 14.918042","http://www.struzziero.it/it/",825965065,"",
"","","","","Taffuri Pouchain","","","","","Viale della Rimembranza, 59","San Lorenzello","Benevento","41.277119, 14.540911","http://www.taffuripouchain.it/","338 2672579","",
"Martummè","Sannio","Rosso","Aglianico","Terra di Briganti","Un rosso morbido e setoso, rotondo al gusto, asciutto, bello da vedere nel suo colore rosso rubino scuro; altrettanto piacevole al naso, con note lievemente speziato e vanigliato.","100% Aglianico","","D.O.C.","Contrada Tacceto, 6","Casalduni","Benevento","41.242702, 14.678651","http://www.terradibriganti.it/index.php","0824 85 63 88","",
"Coda di Volpe","Sannio","Bianco","Coda di Volpe","Terra di Briganti","Colore giallo oro. All'olfatto è intenso ed equilibrato; si avvertono sentori di frutta.","100% Coda di Volpe","","D.O.C.","Contrada Tacceto, 6","Casalduni","Benevento","41.242702, 14.678651","http://www.terradibriganti.it/index.php","0824 85 63 88","",
"Passito","Beneventano","Bianco","Bianco","Terra di Briganti","Colore giallo oro; all'olfatto è intenso ed equilibrato, si avvertono sentori di frutto speziato, eccellente intensità non solo dolce, ma con una consistente acidità.","100% Falanghina","","I.G.T.","Contrada Tacceto, 6","Casalduni","Benevento","41.242702, 14.678651","http://www.terradibriganti.it/index.php","0824 85 63 88","",
"Aglianico","Sannio","Rosso","Aglianico","Terra di Briganti","Di colore rosso rubino con riflessi violacei. Al naso si presenta intenso e con note di frutti a bacca rossa, ciliegia e spezie. Morbido ed equilibrato con un ottimo retrogusto fruttato.","100% Aglianico","","D.O.C.","Contrada Tacceto, 6","Casalduni","Benevento","41.242702, 14.678651","http://www.terradibriganti.it/index.php","0824 85 63 88","",
"Falanghina","Falanghina del Sannio","Bianco","Falanghina","Terra di Briganti","Di colore giallo paglierino con riflessi dorati, alcolico. All'olfatto è intenso ed equilibrato. Si avvertono sentori di frutta esotica e banana.","100% Falanghina","","D.O.C.","Contrada Tacceto, 6","Casalduni","Benevento","41.242702, 14.678651","http://www.terradibriganti.it/index.php","0824 85 63 88","",
"Sciascinoso","Sannio","Rosso","Sciascinoso","Terra di Briganti","Colore violaceo. All'olfatto è intenso ed equilibrato. Si avvertono sentori di viola.","100% Sciascinoso","","D.O.C.","Contrada Tacceto, 6","Casalduni","Benevento","41.242702, 14.678651","http://www.terradibriganti.it/index.php","0824 85 63 88","",
"Fiano","Sannio","Bianco","Fiano","Terra di Briganti","Colore giallo oro; all'olfatto è intenso ed equilibrato.","100% Fiano","","D.O.C.","Contrada Tacceto, 6","Casalduni","Benevento","41.242702, 14.678651","http://www.terradibriganti.it/index.php","0824 85 63 88","",
"Taburno Falanghina","Sannio Taburno","Bianc","Falanghina","Terre Caudium","Colore giallo paglierino con profumo pulito. Si riconoscono sentori di biancospino e sottili note di limone, profumi nitidi e puliti. Sapore asciutto earmonioso. Si rileva una equilibrata armonia acido/morbido con notevole spessore del corpo.","100% Falanghina","","D.O.C.","Via Sala","Cautano","Benevento","","http://www.terrecaudium.it/","333 3328292","",
"Campania Coda di Volpe","Campania","Bianco","Coda di Volpe","Terre Caudium","Colore giallo, al naso pulito e fresco con lievi sentori di agrumi. Al gusto si evidenziano note tropicali che bilanciano in modo armonico amaro e dolce.","100% Coda di Volpe","","I.G.T.","Via Sala","Cautano","Benevento","","http://www.terrecaudium.it/","333 3328292","",
"Campania Aglianico","Campania","Rosso","Aglianico","Terre Caudium","Colore rosso intenso,gusto ben deciso di corpo caldo, lungo nel retrogusto.In bocca è giustamente tannico.","100% Aglianico","","I.G.T.","Via Sala","Cautano","Benevento","","http://www.terrecaudium.it/","333 3328292","",
"Taburno Coda di Volpe","Sannio Taburno","Bianco","Coda di Volpe","Terre Caudium","Di colore giallo,al naso pulito e fresco con lievi sentori di agrumi. Al gusto si evidenziano note tropicali che bilanciano in modo armonico amaro e dolce.","100% Coda di Volpe","","D.O.C.","Via Sala","Cautano","Benevento","","http://www.terrecaudium.it/","333 3328292","",
"Merum","Aglianico del Taburno","Rosso","Aglianico del Taburno","Terre Caudium","Di colore rosso violaceo; al naso una polpa di more speziato. Al gusto con vene di frutti a bacca nera e con una tannicità molto smorzante ad alto indice di piacevolezza.","100% Aglianico","","D.O.C.G.","Via Sala","Cautano","Benevento","","http://www.terrecaudium.it/","333 3328292","",
"Fiano di Avellino","Fiano di Avellino","Bianco","Fiano di Avellino","Terre Colte","Colore Giallo paglierinoBuona acidità e morbidezza, sensazioni di frutti maturi e retrogusto di nocciola.","100% Fiano","","D.O.C.G.","Corso Dante Alighieri, 26","Luogosano","Avellino","40.985889, 14.991214","http://www.terrecolte.com/index.html","800 034290","",
"Aglianico Melita","Irpinia","Rosso","Aglianico","Terre Colte","Colore Rosso rubinoProfumo ampio e intenso con aromi di frutti rossiSapore deciso ed elegante con note che richiamano i frutti rossi e le confetture.","100% Aglianico","13%","D.O.C.","Corso Dante Alighieri, 26","Luogosano","Avellino","40.985889, 14.991214","http://www.terrecolte.com/index.html","800 034290","",
"Falanghina","Beneventano","Bianco","Falanghina","Terre Colte","Colore giallo paglierino, cristallinoProfumo intenso persistente e fine, fruttato con sentori di banana, ananase fiori bianchi.Gusto secco, caldo di alcool, abbastanza morbido, fresco di acidità,di buona struttura e persistenza, equilibrato ed armonico.","100% Falanghina","13,5%","I.G.T.","Corso Dante Alighieri, 26","Luogosano","Avellino","40.985889, 14.991214","http://www.terrecolte.com/index.html","800 034290","",
"Greco di Tufo","Greco di Tufo","Bianco","Greco di Tufo","Terre Colte","Colore Giallo paglierino caricocon riflessi verdognoliFruttato molto intenso con note di mela verdeGusto fine, deciso ed intenso.","100% Greco","","D.O.C.G.","Corso Dante Alighieri, 26","Luogosano","Avellino","40.985889, 14.991214","http://www.terrecolte.com/index.html","800 034290","",
"Meraviglia","Beneventano","Rosso","Aglianico","Terre Colte","Colore Rosso rubinoProfumo ampio, complesso, intenso con sentori di ciliegia, viola e frutti di boscoSapore elegante, avvolgente e persistente con retrogusto di confettura di frutti rossi e pepe nero.","100% Aglianico","","I.G.T.","Corso Dante Alighieri, 26","Luogosano","Avellino","40.985889, 14.991214","http://www.terrecolte.com/index.html","800 034290","",
"Taurasi Convivio","Taurasi","Rosso","Taurasi","Terre Colte","Colore Rosso rubino tendente al granatoProfumo ampio, complesso, intenso con sentori di ciliegia, viola e frutti di bosco.Sapore elegante, avvolgente e persistente con retrogusto di confettura di frutti rossi e pepe nero.","100% Aglianico","14%","D.O.C.G.","Corso Dante Alighieri, 26","Luogosano","Avellino","40.985889, 14.991214","http://www.terrecolte.com/index.html","800 034290","",
"Geohellenico","Aglianico del Taburno","Rosso","Aglianico del Taburno","Terre D'Aglianico","Colore rosso rubino con riflessi violacei, dai profumi persistenti e molto intensi di frutta a bacca rossa matura e allo stesso tempo speziato, gusto pieno, caldo e dai tannini vellutati.","100% Aglianico","","D.O.C.G.","via Mercuri II, 18","Torrecuso","Benevento","41.195125, 14.705500","http://www.terredaglianico.it/","0824 876317","",
"Sannio Falanghina","Falanghina del Sannio","Bianco","Falanghina","Terre D'Aglianico","Colore giallo paglierino, dai profumi persistenti ed intensi di frutta esotica e allo stesso tempo fragrante, gusto pieno, caldo e morbido.","100% Falanghina","","D.O.C.","via Mercuri II, 18","Torrecuso","Benevento","41.195125, 14.705500","http://www.terredaglianico.it/","0824 876317","",
"Coda di Volpe","Sannio Taburno","Bianco","Coda di Volpe","Terre D'Aglianico","Colore giallo paglierino, dai profumi persistenti ed intensi di frutta esotica e allo stesso tempo fragrante, gusto pieno, caldo e morbido.","100% Coda di Volpe","","D.O.C.","via Mercuri II, 18","Torrecuso","Benevento","41.195125, 14.705500","http://www.terredaglianico.it/","0824 876317","",
"Tatillio","Aglianico del Taburno","Rosso","Aglianico del Taburno","Terre D'Aglianico","Colore giallo paglierino, dai profumi persistenti ed intensi di frutta esotica e allo stesso tempo fragrante, gusto pieno, caldo e morbido.","100% Aglianico","","D.O.C.G.","via Mercuri II, 18","Torrecuso","Benevento","41.195125, 14.705500","http://www.terredaglianico.it/","0824 876317","",
"Rosato","Aglianico del Taburno","Rosato","Aglianico del Taburno","Terre D'Aglianico","Colore rosa salmone con riflessi di ciliegia, dai profumi intensi e fini che ricordano l'aroma fruttato, risulta caldo e morbido.","100% Aglianico","","D.O.C.G.","via Mercuri II, 18","Torrecuso","Benevento","41.195125, 14.705500","http://www.terredaglianico.it/","0824 876317","",
"Sannio Aglianico","Sannio","Rosso","Aglianico","Terre D'Aglianico","Colore rosso rubino con riflessi violacei, dai profumi intensi e fini che ricordano l'aroma fruttato e speziato, risulta caldo, morbido e giustamente tannico.","100% Aglianico","","D.O.C.","via Mercuri II, 18","Torrecuso","Benevento","41.195125, 14.705500","http://www.terredaglianico.it/","0824 876317","",
"Ebe","Falanghina del Sannio Taburno","Bianco","Falanghina","Terre D'Aglianico","Colore giallo paglierino, dai profumi eleganti e profondi di frutta esotica e allo stesso tempo fragrante, gusto pieno, caldo e rotondo.","100% Falanghina","","D.O.C.","via Mercuri II, 18","Torrecuso","Benevento","41.195125, 14.705500","http://www.terredaglianico.it/","0824 876317","",
"Venere","Falanghina del Sannio Taburno","Bianco","Falanghina","Terre D’Aglianico","Colore giallo paglierino, dai profumi persistenti ed intensi di frutta esotica e allo stesso tempo fragrante, gusto pieno, caldo e morbido.","100% Falanghina","","D.O.C.","via Mercuri II, 18","Torrecuso","Benevento","41.195125, 14.705500","http://www.terredaglianico.it/","0824 876317","",
"Pithecusa Rosso","Epomeo","Rosso","","Tommasone","Colore rosso rubino luminoso.Al naso si mostra un bel frutto, note di liquirizza e ciliegia.Al palato si presenta di buona struttura, secco.","Aglianico; Piedirosso","13%","I.G.P.","via Prov.le Fango, 98","Lacco Ameno","Napoli","40.747436, 13.891749","http://www.tommasonevini.it/","081 3330330","",
"Ischia Per'E' Palummo","Ischia","Rosso","Piedirosso","Tommasone","Colore rosso rubino con riflessi violacei.Al naso si notano aromi di frutti di bosco e cliegia nera.Al palato si presente di buona struttura, fruttato e secco.","100% Piedirosso","13%","D.O.P.","via Prov.le Fango, 98","Lacco Ameno","Napoli","40.747436, 13.891749","http://www.tommasonevini.it/","081 3330330","",
"Vigna dei Preti","Ischia","Bianco","Biancolella","Tommasone","Colore giallo paglierino.Bouquet floreale con note di frutta surmatura.Al palato si presenta di buona struttura, longevo con note di pesche mature.","100% Biancolella","13,5%","D.O.P.","via Prov.le Fango, 98","Lacco Ameno","Napoli","40.747436, 13.891749","http://www.tommasonevini.it/","081 3330330","",
"Pithecusa Brut","Vino Spumante","Bianco","Brut","Tommasone","Colore giallo paglierino luminante.Profumo ampio, invitante di particolare finezza con note floreali.Al palato si preseta complesso con sentori di Crosta di pane e piacevoli note minerali.Perlage fine e persistente","100% Biancolella","12%","V.S.","via Prov.le Fango, 98","Lacco Ameno","Napoli","40.747436, 13.891749","http://www.tommasonevini.it/","081 3330330","",
"Crazy Angels","Epomeo","Bianco","","Tommasone","Colore giallo paglierino con riflessi verdognoli.Bouquet floreale con note di pesche e ananas.Un vino estivo, divertente, al palato si presente fresco e fruttato.","Biancolella; Falanghina; Fiano","13%","I.G.P.","via Prov.le Fango, 98","Lacco Ameno","Napoli","40.747436, 13.891749","http://www.tommasonevini.it/","081 3330330","",
"Pignanera","Epomeo","Rosso","","Tommasone","Colore rosso rubino con riflessi violacei.Già il naso promette bene: aromi di cliegia nera, mirtillo, liquirizza e cioccolata fondente.Il palato conferma le aspettative, un esplosione di sentori di un vino da serata a raggio di luna.","Aglianico; Montepulciano","13%","I.G.P.","via Prov.le Fango, 98","Lacco Ameno","Napoli","40.747436, 13.891749","http://www.tommasonevini.it/","081 3330330","",
"Pithecusa Bianco","Epomeo","Bianco","","Tommasone","Colore giallo paglierino.Bouquet intenso, aromatico e floreale con note di frutta esotica.Un bianco di importante struttura per accompagnare momenti importanti.","Biancolella; Fiano","13%","I.G.P.","via Prov.le Fango, 98","Lacco Ameno","Napoli","40.747436, 13.891749","http://www.tommasonevini.it/","081 3330330","",
"Ischia Biancolella","Ischia","Bianco","Biancolella","Tommasone","Colore giallo paglieino con riflessi luminanti.Bouquet floreale con note di ginestra.Al palato si presenta elegante, delicato e ben equilebrato con leggere note di mandorla.","100% Biancolella","13,5%","D.O.P.","via Prov.le Fango, 98","Lacco Ameno","Napoli","40.747436, 13.891749","http://www.tommasonevini.it/","081 3330330","",
"Ischia Terradei","Ischia","Bianco","","Tommasone","Colore giallo paglierino con riflessi verdognoli.Al naso si presenta fresco con note di agrumi mediterranei, il palato conferma il naso.","Biancolella; Forastera","13%","D.O.P.","via Prov.le Fango, 98","Lacco Ameno","Napoli","40.747436, 13.891749","http://www.tommasonevini.it/","081 3330330","",
"Rosamonti","Epomeo","Rosato","","Tommasone","Colore rosa chiaro.Al naso si presente delicato, fruttato con note di fragoline di bosco.Al palato si notano i sentori di frutta rossa come fragola e ciliegia, un vino piacevole, fruttato e di grandissima freschezza.","100% Aglianico","13%","I.G.P.","via Prov.le Fango, 98","Lacco Ameno","Napoli","40.747436, 13.891749","http://www.tommasonevini.it/","081 3330330","",
"Biancuzita","Falanghina del Sannio Taburno","Bianco","Falanghina","Torre a Oriente","Colore giallo limpido con riflessi ambrati. Molto complesso con note leggere di caffè, vaniglia e liquirizia che non sovrastano però i tipici sentori fruttati. Conserva un buon grado di acidità, tipica di tale vitigno. E' strutturato e molto equilibrato al gusto, conferma tutte le premesse olfattive.","100% Falanghina","13,5%","D.O.C.","Località Mercuri I, 19","Torrecuso","Benevento","41.197533, 14.705198","http://www.torreaoriente.com/it/",824874274,"",
"Janico","Sannio","Rosso","Aglianico","Torre a Oriente","All'olfatto è sia fruttato che speziato, con spiccatissime note di frutti rossi, soprattutto amarena. Elegante, morbido, caldo ed avvolgente al palato.","100% Aglianico","13%","D.O.P.","Località Mercuri I, 19","Torrecuso","Benevento","41.197533, 14.705198","http://www.torreaoriente.com/it/",824874274,"",
"Gioconda","Beneventano","Bianco","Falanghina","Torre a Oriente","Colore giallo limpido con leggeri riflessi dorati. Complesso dal punto di vista olfattivo con tipici sentori di frutta bianca, note di banana e ananas. Conserva la tipicità della falanghina ed un buon equilibrio al gusto.","100% Falanghina","13%","I.G.T.","Località Mercuri I, 19","Torrecuso","Benevento","41.197533, 14.705198","http://www.torreaoriente.com/it/",824874274,"",
"Siriana","Falanghina del Sannio Taburno","Bianco","Falanghina","Torre a Oriente","Colore giallo limpido con leggeri riflessi verdolini. Molto complesso, sia fruttato che floreale, con tipici sentori di salvia e spiccate note di ananas, pesca bianca e biancospino. Conserva un buon grado di acidità, tipica di tale vitigno, strutturato e molto equilibrato al gusto.","100% Falanghina","14%","D.O.C.","Località Mercuri I, 19","Torrecuso","Benevento","41.197533, 14.705198","http://www.torreaoriente.com/it/",824874274,"",
"U' Barone","Aglianico del Taburno","Rosso","Aglianico del Taburno","Torre a Oriente","Colore rosso rubino limpido tendente al violaceo e con riflessi amaranto. All'olfatto è complesso, con spiccati sentori di vaniglia, tabacco e cioccolato e note di frutta (amarena). Elegante, morbido, caldo ed avvolgente al palato.","100% Aglianico","14%","D.O.C.G.","Località Mercuri I, 19","Torrecuso","Benevento","41.197533, 14.705198","http://www.torreaoriente.com/it/",824874274,"",
"Don Curzetto","Aglianico del Taburno","Rosso","Aglianico del Taburno","Torre a Oriente","Colore rosso rubino tendente al violaceo con riflessi amaranto. All'olfatto è complesso, con spiccati sentori di vaniglia, liquirizia, caffè e note dolci che non nascondono, note ancora molto spiccate di frutta (ciliegia matura, frutti di bosco, ribes nero).","100% Aglianico","14,5%","D.O.C.G.","Località Mercuri I, 19","Torrecuso","Benevento","41.197533, 14.705198","http://www.torreaoriente.com/it/",824874274,"",
"Rosinella","Aglianico del Taburno","Rosato","Aglianico del Taburno","Torre a Oriente","","100% Aglianico","","D.O.C.G.","Località Mercuri I, 19","Torrecuso","Benevento","41.197533, 14.705198","http://www.torreaoriente.com/it/",824874274,"",
"Spumante di Falanghina","Vino Spumante","Bianco","Brut","Torre a Oriente","Colore giallo paglierino. Profumo netto, sostenuto ed intenso con gradevole sentore di lievito. Sapore secco, ricco di complessità e sensazione rispettosa al palato. Grana minuta, persistente con spuma evidente e duratura.","65% Falanghina; 35% Chardonnay","12,5%","V.S.","Località Mercuri I, 19","Torrecuso","Benevento","41.197533, 14.705198","http://www.torreaoriente.com/it/",824874274,"",
"Auriculus","Aglianico del Taburno","Rosso","Aglianico del Taburno","Torre dei Chiusi","Colore rosso rubino carico con riflessi purpurei. L'odore è complesso, con sentore di mora e prugna matura, arricchito da spezie e liquirizia. Il sapore è morbido e corposo.","100% Aglianico","","D.O.C.G.","Contrada Limiti","Torrecuso","Benevento","41.179102, 14.690886","http://www.torredeichiusi.it/home.htm","0824 874476","",
"Limiti","Aglianico del Taburno","Rosso","Aglianico del Taburno Riserva","Torre dei Chiusi","Colore rosso rubino carico con riflessi granata. Il bouquet complesso, con note di mora e prugna matura è arricchito con sentori di spezie. Al palato è ricco e vellutato, persistente e giustamente tannico con piacevoli note di legno e tabacco.","100% Aglianico","","D.O.C.G.","Contrada Limiti","Torrecuso","Benevento","41.179102, 14.690886","http://www.torredeichiusi.it/home.htm","0824 874476","",
"Falanghina Vino Spumante Extra Dry","Vino Spumante","Bianco","Extra Dry","Torre dei Chiusi","Colore giallo paglierino tenue, gusto corposo leggermente dolce, sentori di crosta di pane, frutta matura e fiori di campo.","100% Falanghina","","V.S.","Contrada Limiti","Torrecuso","Benevento","41.179102, 14.690886","http://www.torredeichiusi.it/home.htm","0824 874476","",
"Vigna Casasanta Bianco","Sannio","Bianco","Falanghina","Torre dei Chiusi","Colore giallo paglierino, aroma fruttato intenso con sentori di frutta matura, si presenta morbido al gusto con buona persistenza aromatica.","85% Falanghina; 15% Altri Vitigni","","D.O.C.","Contrada Limiti","Torrecuso","Benevento","41.179102, 14.690886","http://www.torredeichiusi.it/home.htm","0824 874476","",
"Adria","Sannio Taburno","Bianco","Falanghina","Torre dei Chiusi","Colore giallo paglierino intenso, odore carico di sentori di frutta amtura, banana e mela, si presenta morbido al gusto con un'elevata persistenza aromatica.","100% Falanghina","","D.O.C.","Contrada Limiti","Torrecuso","Benevento","41.179102, 14.690886","http://www.torredeichiusi.it/home.htm","0824 874476","",
"Gabri","Aglianico del Taburno","Rosato","Aglianico del Taburno","Torre dei Chiusi","Colore rosa tenue, aroma fruttato intenso con sentori di frutta matura, si presenta morbido al gusto con elevata persistenza aromatica.","100% Aglianico","","D.O.C.","Contrada Limiti","Torrecuso","Benevento","41.179102, 14.690886","http://www.torredeichiusi.it/home.htm","0824 874476","",
"Arces","Aglianico del Taburno","Rosso","Aglianico del Taburno","Torre dei Chiusi","Colore rosso rubino carico con riflessi granata. Al naso offre un ampio bouquet di viola e ciliegia. Il gusto morbido, vellutato e persistente, equilibrato e giustamente tannico.","100% Aglianico","","D.O.C.G.","Contrada Limiti","Torrecuso","Benevento","41.179102, 14.690886","http://www.torredeichiusi.it/home.htm","0824 874476","",
"Vigna Casasanta","Sannio","Rosso","Aglianico","Torre dei Chiusi","Colore rosso rubino intenso, odore vinoso, gradevole sapore tipico, asciutto, morbido e vellutato.","85% Aglianico; 15% Altri Vitigni","","D.O.C.","Contrada Limiti","Torrecuso","Benevento","41.179102, 14.690886","http://www.torredeichiusi.it/home.htm","0824 874476","",
"Gocce d'Autunno","Sannio Taburno","Rosso","Novello","Torre dei Chiusi","Colore rosa tenue, aroma fruttato intenso con sentori di frutta matura, si presenta morbido al gusto con elevata persistenza aromatica.","100% Aglianico","","D.O.C.","Contrada Limiti","Torrecuso","Benevento","41.179102, 14.690886","http://www.torredeichiusi.it/home.htm","0824 874476","",
"Aglianico Rosè Vino Spumante Extra Dry","Vino Spumante","Rosato","Extra Dry","Torre dei Chiusi","Vino avvolgente e morbido al gusto, gradevole al naso con sentore di frutta rossa e sottobosco e di colore rosa dalle sfumature cromatiche vivide.","100% Aglianico","","V.S.","Contrada Limiti","Torrecuso","Benevento","41.179102, 14.690886","http://www.torredeichiusi.it/home.htm","0824 874476","",
"Aglianico","Beneventano","Rosso","Aglianico","Vadiaperti","","100% Aglianico","12,5%","I.G.T.","Contrada Vadiaperti","Montefredane","Avellino","40.964053, 14.811549","http://www.vadiaperti.it/Home.html","0825 607270","",
"Coda di Volpe","Irpinia","Bianco","Coda di Volpe","Vadiaperti","","100% Coda di Volpe","12%","D.O.C.","Contrada Vadiaperti","Montefredane","Avellino","40.964053, 14.811549","http://www.vadiaperti.it/Home.html","0825 607270","",
"Fiano di Avellino","Fiano di Avellino","Bianco","Fiano di Avellino","Vadiaperti","","100% Fiano","12,5%","D.O.C.G.","Contrada Vadiaperti","Montefredane","Avellino","40.964053, 14.811549","http://www.vadiaperti.it/Home.html","0825 607270","",
"Falanghina","Beneventano","Bianco","Falanghina","Vadiaperti","","100% Falanghina","12%","I.G.T.","Contrada Vadiaperti","Montefredane","Avellino","40.964053, 14.811549","http://www.vadiaperti.it/Home.html","0825 607270","",
"Greco di Tufo","Greco di Tufo","Bianco","Greco di Tufo","Vadiaperti","","100% Greco","12%","D.O.C.G.","Contrada Vadiaperti","Montefredane","Avellino","40.964053, 14.811549","http://www.vadiaperti.it/Home.html","0825 607270","",
"Furius","Aglianico del Taburno","Rosso","Aglianico del Taburno","Votino","Di colore rubino brillante, ha profumi fruttati, spiccatamente di ciliegia, amarena, viola e frutti di bosco con aromi speziati di cannella e vaniglia. Vino di grande struttura, giustamente tannico, al palato si caratterizza con note di prugna ed amarena.","100% Aglianico","13,5%","D.O.C.G.","Via Fizzo 14 a","Bonea","Benevento","41.068651, 14.616129","http://www.aziendavotino.com/","0824 834762","",
"Sannio Fiano","Sannio","Bianco","Fiano","Votino","Di colore paglierino intenso, ha complessi profumi di frutta e fiori, tra i quali spiccano sentori di albicocca, agrumi, acacia, biancospino e miele, sapore di grande persistenza aromatica, morbido ed equilibrato.","100% Fiano","13%","D.O.C.","Via Fizzo 14 a","Bonea","Benevento","41.068651, 14.616129","http://www.aziendavotino.com/","0824 834762","",
"Sileno","Beneventano","Rosso","Aglianico","Votino","Di colore rosso rubino con un intenso profumo di frutta di colore rosso.","100% Aglianico","13%","I.G.T","Via Fizzo 14 a","Bonea","Benevento","41.068651, 14.616129","http://www.aziendavotino.com/","0824 834762","",
"Rosato di Aglianico del Taburno","Aglianico del Taburno","Rosato","Aglianico del Taburno","Votino","Di colore rosato brillante e vivido, con profumi di ciliegia, albicocca e frutti rossi.","100% Aglianico","13%","D.O.C.","Via Fizzo 14 a","Bonea","Benevento","41.068651, 14.616129","http://www.aziendavotino.com/","0824 834762","",
"Cocceius","Falanghina del Sannio","Bianco","Falanghina","Votino","Di colore paglierino con riflessi verdognoli ed intensi profumi fruttati di mela, ananas e frutta gialla. Fresco al palato, si apprezza una buona acidità ben equilibrata dalla struttura del vino.","100% Falanghina","13%","D.O.C.","Via Fizzo 14 a","Bonea","Benevento","41.068651, 14.616129","http://www.aziendavotino.com/","0824 834762","",
"Talisia","Beneventano","Bianco","Falanghina","Votino","Di colore giallo paglierino con riflessi verdognoli, profumi tipici di tutta la frutta bianca.","100% Falanghina","12,5%","I.G.T.","Via Fizzo 14 a","Bonea","Benevento","41.068651, 14.616129","http://www.aziendavotino.com/","0824 834762","",
"Greco - Linea Speciale","Sannio","Bianco","Greco","Wartalia","Colore giallo paglierino carico, odore gradevole con sentori di agrumi, fruttato, floreale.","100% Greco","12,5%","D.O.C.","Località Cavarena","Guardia Sanframondi","Benevento","41.219247, 14.579716","http://www.wartalia.com/","0824 817839","",
"Jasconio","Sannio","Rosso","Aglianico Riserva","Wartalia","Colore rosso rubino intenso, ode di frutta matura con sentori di spezie, sapore pieno e secco.","100% Aglianico","13,5%","D.O.C.","Località Cavarena","Guardia Sanframondi","Benevento","41.219247, 14.579716","http://www.wartalia.com/","0824 817839","",
"Falanghina Danae","Beneventano","Bianco","Falanghina","Wartalia","Colore giallo paglierino scarico, floreale, sapore pieno, fresco, leggermente acidulo.","100% Falanghina","12%","I.G.T.","Località Cavarena","Guardia Sanframondi","Benevento","41.219247, 14.579716","http://www.wartalia.com/","0824 817839","",
"Kikoi Rosso","Beneventano","Rosso","","Wartalia","Colore rosso rubino, fruttato, gusto asciutto, leggermente tannico.","90% Sangiovese; 10% Altri Vitigni","12%","I.G.T.","Località Cavarena","Guardia Sanframondi","Benevento","41.219247, 14.579716","http://www.wartalia.com/","0824 817839","",
"Kikoi Bianco","Beneventano","Bianco","","Wartalia","Colore giallo paglierino, delicato, floreale, fruttato, fresco.","90% Malvasia di Candia; 10% Altri Vitigni","12%","I.G.T.","Località Cavarena","Guardia Sanframondi","Benevento","41.219247, 14.579716","http://www.wartalia.com/","0824 817839","",
"Falanghina Spumante Brut","Vino Spumante","Bianco","Brut","Wartalia","","100% Falanghina","12%","V.S.","Località Cavarena","Guardia Sanframondi","Benevento","41.219247, 14.579716","http://www.wartalia.com/","0824 817839","",
"Fiano Danae","Beneventano","Bianco","Falanghina","Wartalia","Colore giallo paglierino, sentori di frutta secca, sapore secco e asciutto.","100% Fiano","12%","I.G.T.","Località Cavarena","Guardia Sanframondi","Benevento","41.219247, 14.579716","http://www.wartalia.com/","0824 817839","",
"Fiano - Linea Speciale","Sannio","Bianco","Fiano","Wartalia","Colore giallo pagierino, sentori di frutta secca, sapore secco e asciutto.","100% Fiano","12,5%","D.O.C.","Località Cavarena","Guardia Sanframondi","Benevento","41.219247, 14.579716","http://www.wartalia.com/","0824 817839","",
"Falanghina - Linea Speciale","Sannio","Bianco","Falanghina","Wartalia","Colore gialo paglierino, odore floreale con sentori di mela acerba, leggermente acidulo, sapore pieno e fresco.","100% Falanghina","12,5%","D.O.C.","Località Cavarena","Guardia Sanframondi","Benevento","41.219247, 14.579716","http://www.wartalia.com/","0824 817839","",
"Coda di Volpe - Linea Speciale","Sannio","Bianco","Coda di Volpe","Wartalia","Colore giallo paglierino, odore floreale con sentori di biancospino, sapore asciutto e morbido.","100% Coda di Volpe","12,5%","D.O.C.","Località Cavarena","Guardia Sanframondi","Benevento","41.219247, 14.579716","http://www.wartalia.com/","0824 817839","",
"Aglianico - Linea Speciale","Sannio","Rosso","Aglianico","Wartalia","Colore rosso rubino carico, sentori speziati, profumo di frutta rossa matura, sapore asciutto, giustamente tannico.","100% Aglianico","13%","D.O.C.","Località Cavarena","Guardia Sanframondi","Benevento","41.219247, 14.579716","http://www.wartalia.com/","0824 817839","",
"Greco Danae","Beneventano","Bianco","Falanghina","Wartalia","Colore giallo paglierino carico, odore gradevole con sentori di agrumi, fruttato, floreale.","100% Greco","12%","I.G.T.","Località Cavarena","Guardia Sanframondi","Benevento","41.219247, 14.579716","http://www.wartalia.com/","0824 817839","",
"Aglianico Danae","Beneventano","Rosso","Aglianico","Wartalia","Colore rosso rubino insenso, sentori di frutta matura, gusto asciutto, leggermente tannico.","100% Aglianico","12,5%","I.G.T.","Località Cavarena","Guardia Sanframondi","Benevento","41.219247, 14.579716","http://www.wartalia.com/","0824 817839","",
